user_id,first_name,last_name,email,phone,address,registration_date,date_of_birth,account_balance
1,Matthew,Ramirez,matthew.ramirez@gmail.com,216-822-4877x669,"907 Estes Valleys Suite 922, Vangchester, SD 20760",2023-06-10,1974-05-23,6205.47
2,Jason,Meyer,jason.meyer@hotmail.com,+1-121-141-4540x3340,"73596 White Street, South Alexis, MT 46578",2023-05-04,1974-12-26,7049.56
3,Jessica,Griffith,jessica.griffith@yahoo.com,+1-186-932-5294x1802,"296 Nicholson Circles, Martinchester, MD 72500",2023-08-02,2005-07-01,6260.32
4,Scott,Torres,scott.torres@hotmail.com,+1-337-107-5094x74822,"4506 Jones Tunnel, South Annette, MO 46760",2023-09-03,2004-06-15,208.43
5,Lisa,Davis,lisa.davis@hotmail.com,001-955-341-1130x596,"83970 Joshua Valleys Apt. 815, East Kristenport, VT 71385",2024-05-17,1992-02-18,2019.82
6,Brooke,Lee,brooke.lee@yahoo.com,001-196-993-8634x693,"889 Duran Club Suite 490, Contrerasport, IA 05994",2024-12-30,2000-01-20,5700.16
7,Debbie,Ellis,debbie.ellis@yahoo.com,(529)536-5528,"3098 West Throughway Suite 596, Williamhaven, WY 28105",2023-07-09,2004-10-04,2567.6
8,Danielle,Russell,danielle.russell@yahoo.com,900-458-3160x4488,"470 Berger Crest Apt. 706, New Davidburgh, AR 60139",2023-06-04,1954-05-08,9147.08
9,Mary,Garcia,mary.garcia@gmail.com,624-508-2779x52165,"827 Spears Estate Apt. 978, Penastad, RI 10489",2023-08-29,1992-06-17,7889.48
10,Brandy,Stanley,brandy.stanley@hotmail.com,899.675.7378x902,"69927 Villa Circles, Charlesbury, NC 04279",2024-01-24,1960-12-15,6908.21
11,Jared,Barton,jared.barton@gmail.com,5092613346,"3440 Madeline Flats, Richardburgh, AL 82098",2023-11-05,2002-03-04,1081.06
12,Brandon,Adkins,brandon.adkins@yahoo.com,448.271.0562x870,"98395 Michael Turnpike, Kimberlychester, ID 09211",2023-08-18,1991-07-11,5710.28
13,Pamela,Williams,pamela.williams@yahoo.com,770-919-1425,"PSC 6747, Box 3213, APO AE 35401",2024-04-12,1954-04-22,7910.4
14,Nathaniel,Nichols,nathaniel.nichols@hotmail.com,475.760.0292,"2899 James Court Apt. 976, Kellyton, ND 93021",2024-04-11,1972-09-05,1827.3
15,Dana,Benson,dana.benson@yahoo.com,001-558-537-1561x73458,"USCGC Robinson, FPO AE 93333",2023-07-13,1980-09-11,1990.12
16,Carl,Mcdaniel,carl.mcdaniel@yahoo.com,964.444.0119x867,"65389 Lori Burg Suite 240, Lake David, WY 65607",2025-03-03,1968-05-04,4470.74
17,Stephanie,Lee,stephanie.lee@yahoo.com,(788)966-1497x28717,"USS Smith, FPO AP 73484",2023-09-01,1991-07-06,1371.14
18,Alexandra,Alvarado,alexandra.alvarado@gmail.com,(694)821-8100x308,"6617 Ryan Center Apt. 764, Port Debbie, VA 73139",2024-05-14,2004-07-15,4236.84
19,Barbara,Oconnor,barbara.oconnor@hotmail.com,566.745.9136x902,"244 Holly Ridge Apt. 911, Lake Brianchester, AL 36433",2025-03-15,1998-07-19,3106.26
20,Kent,Brown,kent.brown@hotmail.com,+1-654-093-7997x43074,"435 Tran Radial, Lake Thomaschester, WA 68515",2025-04-12,1967-08-21,6644.89
21,Shawn,Powell,shawn.powell@hotmail.com,801.945.1613x78429,"150 Rebecca Junction Apt. 006, North Thomasfurt, KS 86309",2024-12-25,1973-04-11,1610.15
22,John,Sharp,john.sharp@gmail.com,+1-439-408-6243x55764,"0206 Justin Walks, Zacharyberg, AZ 36995",2023-05-09,2002-02-02,6619.43
23,Daniel,Krueger,daniel.krueger@gmail.com,093.727.8177x497,"911 Douglas Isle, North Jaybury, ME 67791",2024-04-17,1992-04-04,1637.49
24,Jay,Powell,jay.powell@gmail.com,679.844.1282x443,"43877 Miranda Union, East Ronaldchester, LA 19269",2024-11-11,2003-10-04,3094.11
25,Juan,Myers,juan.myers@hotmail.com,916-715-9987x167,"23255 Vega Isle Suite 276, New Eric, OK 17538",2025-01-16,2001-05-30,2756.57
26,Michael,Burgess,michael.burgess@yahoo.com,001-742-063-3044x22545,"148 Darryl Brooks Apt. 509, New Antonioside, CO 83483",2023-09-23,2002-01-08,9649.88
27,Valerie,Walters,valerie.walters@gmail.com,001-293-712-8399x331,"459 Smith Wells, Victortown, SC 49020",2023-10-21,1965-03-17,5144.65
28,Billy,Love,billy.love@yahoo.com,001-967-447-0648x28603,"03548 Miller Common Apt. 021, Kimberlyville, TN 75605",2024-10-14,1979-12-19,5788.68
29,Emily,Anderson,emily.anderson@yahoo.com,(288)807-7985,"USNV Perkins, FPO AP 81799",2024-03-16,1959-05-08,4494.99
30,Jason,Dawson,jason.dawson@gmail.com,527-919-2879,"233 Victoria Garden, Welchmouth, NC 49138",2024-08-04,2002-10-02,9005.8
31,Daniel,Garrett,daniel.garrett@yahoo.com,457.594.5720,"410 Neil Circle Suite 822, Lake Kathy, IN 58164",2024-10-05,1985-12-20,6239.02
32,Leslie,Campbell,leslie.campbell@yahoo.com,(360)430-9610x7697,"5681 Smith Mountain, Carolineton, SC 12143",2025-04-02,2000-05-02,8231.8
33,Mary,Banks,mary.banks@hotmail.com,876.842.9216,"83857 Jessica Mount, Hensonstad, MD 61396",2024-04-05,2001-05-12,3738.48
34,Michael,Goodwin,michael.goodwin@yahoo.com,(212)073-1736x031,"50768 Romero Plains Suite 458, New Lori, AR 32599",2023-06-18,1978-05-04,8649.16
35,Ruth,Sullivan,ruth.sullivan@hotmail.com,(125)407-8094x735,"7736 Alicia Expressway, Kennedymouth, OR 96521",2025-01-16,1987-08-02,5744.07
36,Michael,Simmons,michael.simmons@hotmail.com,805-823-2377,"766 Weaver Corners, Jessicaberg, NC 51047",2024-10-03,1974-02-06,102.7
37,Julie,Rodriguez,julie.rodriguez@hotmail.com,070.617.2080x1271,"4265 Colon Port, Catherinetown, NV 04265",2025-02-10,1970-07-22,3910.19
38,Brian,Chambers,brian.chambers@hotmail.com,001-250-849-9349x91835,"0969 Wheeler Springs Suite 253, East Mikebury, WA 46314",2023-12-25,1965-01-23,7980.13
39,Peter,Simmons,peter.simmons@gmail.com,(518)031-1432x2482,"40231 Hanson Island Apt. 936, South Brian, GA 35418",2024-06-01,1980-10-25,6469.64
40,Erica,Bradshaw,erica.bradshaw@gmail.com,311.984.9125x769,"5049 Rios Oval, Jillmouth, UT 65612",2023-04-28,1984-06-03,5717.34
41,Kimberly,Brown,kimberly.brown@gmail.com,(227)598-1116,"2134 James Inlet, South Thomas, FL 59806",2024-01-26,1955-02-27,6878.74
42,Cody,Hooper,cody.hooper@gmail.com,959-596-0644x4559,"25205 Kathleen Tunnel, Krystalton, OH 56418",2024-06-04,1981-11-06,7845.65
43,Rodney,Allen,rodney.allen@yahoo.com,663.342.6839,"8049 Perez Oval, Jasonfort, WV 23525",2025-01-19,1962-03-30,8718.15
44,Lisa,Smith,lisa.smith@gmail.com,188-732-7120,"457 Bryce Expressway Suite 916, Jessicaland, AK 01504",2025-03-26,1995-11-28,2612.52
45,Aaron,Payne,aaron.payne@gmail.com,601.005.7651x5714,"56861 Bell Vista, West Kimberlyhaven, MO 56807",2024-02-17,2001-01-27,182.95
46,Brandon,Nielsen,brandon.nielsen@gmail.com,335.580.2752,"9973 Fletcher Mission, Roberttown, IN 50527",2023-10-15,1968-05-21,2523.72
47,Bruce,Bauer,bruce.bauer@gmail.com,+1-793-393-4445x93658,"9443 Sherry Orchard, Port Zacharyland, KY 97716",2024-01-04,1958-12-31,248.77
48,Karen,Tran,karen.tran@gmail.com,903-046-4359,"680 Calderon Flats, West Alexandraside, VT 09186",2023-05-21,1961-02-09,9280.72
49,George,Holt,george.holt@hotmail.com,(422)094-2838,"3387 Martin Station, Thomasside, NV 14166",2023-07-15,1981-05-09,6905.83
50,Elizabeth,Davenport,elizabeth.davenport@yahoo.com,(095)776-2619,"1166 Laura Lakes Suite 663, South Rachelfort, MD 70279",2023-09-21,1977-07-10,5183.78
51,Jennifer,Smith,jennifer.smith@yahoo.com,+1-569-228-4893x37971,"130 Rachel Bypass Apt. 096, New Christinaside, ID 92701",2025-03-30,1966-05-19,2855.35
52,Julie,Miller,julie.miller@yahoo.com,323.425.4887x8605,"53796 Eric Island Suite 937, West Andresbury, HI 92982",2025-03-14,1963-09-22,1453.86
53,David,White,david.white@hotmail.com,(009)244-9745,"82894 Moore Ports Suite 242, North Veronica, LA 76661",2023-12-15,1982-12-25,9282.3
54,Lawrence,Yoder,lawrence.yoder@yahoo.com,767-833-8554x72873,"USCGC Lowery, FPO AP 59754",2024-08-03,1964-07-25,540.56
55,Chelsey,Flores,chelsey.flores@yahoo.com,001-143-671-3785x65388,"46852 Shannon Camp, Curtisberg, ND 37896",2024-02-13,1971-10-05,1805.03
56,Collin,Murphy,collin.murphy@hotmail.com,(723)578-0315x6424,"78362 Hoover Lights Apt. 489, New Mirandaborough, IN 72424",2023-05-17,1996-01-07,9907.82
57,Jennifer,Sullivan,jennifer.sullivan@yahoo.com,9788257755,"9138 Troy Parkways, Robinsonfort, LA 83816",2023-12-01,1990-02-28,744.22
58,Amber,Tucker,amber.tucker@gmail.com,352.183.4176x954,"9760 Stewart Common, South Kaitlin, CT 31593",2023-06-12,1963-08-09,278.51
59,Julian,Matthews,julian.matthews@gmail.com,(174)130-8942,"PSC 5008, Box 8059, APO AA 42454",2024-12-19,1986-11-16,5147.59
60,Eric,Christian,eric.christian@gmail.com,001-808-858-7263x542,"6692 Bradley Knoll Apt. 285, West Christophertown, MS 53554",2024-08-18,1979-08-09,2019.54
61,Danielle,Dixon,danielle.dixon@yahoo.com,1058070933,"5374 Jill Mount Apt. 625, South Christineshire, TX 29849",2024-04-17,1956-09-08,2698.81
62,Nicole,Smith,nicole.smith@yahoo.com,479.806.3099x33255,"0546 Shirley Mountains, Stevensonland, HI 41916",2024-10-04,1983-08-19,8657.76
63,Adrian,Fry,adrian.fry@yahoo.com,001-816-952-0473x921,"5805 Nathaniel Via, North Sarah, UT 08995",2023-12-01,1978-03-16,7085.99
64,Cindy,Melton,cindy.melton@gmail.com,001-035-932-7475,"USNV Barnes, FPO AE 57652",2024-02-18,1966-06-06,4800.26
65,Timothy,Hawkins,timothy.hawkins@hotmail.com,(211)363-7587x35505,"654 Alex Street, New Jamesville, NM 61407",2024-10-04,1956-05-21,4812.51
66,Joseph,Howard,joseph.howard@yahoo.com,574.044.3762,"9824 Taylor Forks, Samanthahaven, WV 40554",2023-06-17,1954-11-01,9072.07
67,Christina,Williams,christina.williams@hotmail.com,592.188.9816,"012 Deanna Mountains, Jonesberg, GA 80839",2024-03-11,1995-11-04,415.6
68,Zachary,Blankenship,zachary.blankenship@hotmail.com,169.511.7090x512,"0494 Travis Key, Henryton, SD 60382",2023-04-19,1958-01-24,1812.88
69,Andrew,Russell,andrew.russell@gmail.com,+1-805-243-8745,"08484 Kelly Unions Apt. 479, Baileybury, PA 18775",2023-07-05,1988-06-15,8389.85
70,Kimberly,Munoz,kimberly.munoz@hotmail.com,846.663.0477x66810,"PSC 1771, Box 7956, APO AE 94455",2024-09-18,1980-10-20,9119.18
71,Ethan,Sanchez,ethan.sanchez@gmail.com,140.952.1084x6692,"1486 Gregory Lock, Port Luke, NJ 38914",2025-03-29,1955-03-20,5209.39
72,William,Adams,william.adams@yahoo.com,001-258-330-1669x1593,"386 Kennedy Rest, Lake Daniellefort, CA 15886",2024-02-22,1996-07-29,4323.08
73,John,Steele,john.steele@hotmail.com,(190)050-5901x082,"8094 Shane Unions Suite 549, Callahanberg, CT 13594",2024-09-29,1962-01-19,1178.07
74,Charles,Gordon,charles.gordon@gmail.com,001-223-461-7200,"USS Baker, FPO AP 65645",2025-03-30,1972-06-12,2888.75
75,Chelsea,Mitchell,chelsea.mitchell@hotmail.com,+1-434-415-3937,"USNV Jenkins, FPO AE 14412",2024-06-06,1981-07-22,5744.38
76,Troy,Coleman,troy.coleman@hotmail.com,235-583-8027x8786,"29609 Farley Knolls Apt. 945, Lake Jonathanbury, AR 30900",2024-01-26,1979-09-22,9316.32
77,Kelsey,Santana,kelsey.santana@gmail.com,(915)931-4442x99062,"46973 Natasha Meadows Apt. 595, Vasquezshire, MN 98400",2025-01-22,1971-11-23,1670.04
78,Kelly,Lee,kelly.lee@gmail.com,955-988-3064,"228 Rebecca Locks, Lake Maryburgh, CO 97153",2024-06-18,1958-03-17,3546.77
79,Christopher,Garcia,christopher.garcia@hotmail.com,005.802.3392,"964 Arnold Island, Lake Alexandermouth, ID 05631",2024-11-06,1998-10-23,1263.71
80,Sharon,Dyer,sharon.dyer@gmail.com,112.413.9402x2410,"215 Christie Trail Apt. 974, West Elaine, HI 39806",2024-09-23,1974-11-23,2217.51
81,Jeffrey,Harris,jeffrey.harris@yahoo.com,(088)755-2387x1415,"64359 Moreno Court, West Kimberly, WA 17970",2023-09-09,1988-12-23,5914.4
82,Aaron,Simmons,aaron.simmons@gmail.com,+1-638-146-4314,"26879 Walker Mills, Angelabury, WY 90298",2024-12-29,1968-01-21,4404.8
83,Megan,Sawyer,megan.sawyer@yahoo.com,001-255-762-7937,"932 Coleman Stream, East Robertside, AZ 90655",2023-05-22,1980-01-21,10.34
84,Paul,Lee,paul.lee@yahoo.com,001-374-656-7566x3357,"318 Garcia Streets, Leemouth, NY 40613",2024-06-28,1971-07-20,1888.72
85,Jose,Schmidt,jose.schmidt@hotmail.com,001-623-800-6904x66505,"030 Davis Overpass, Jamesmouth, MA 91595",2024-03-09,1993-10-27,5143.76
86,Blake,Ward,blake.ward@hotmail.com,698.425.8554x7067,"4558 Alexandra Locks Suite 549, Port Andrewburgh, VA 77077",2024-09-23,1998-12-14,877.29
87,Sonya,Taylor,sonya.taylor@yahoo.com,0247827160,"17349 Wilson Plains, Jasonmouth, VA 18182",2023-06-29,1972-10-20,4140.25
88,Steven,Evans,steven.evans@hotmail.com,+1-107-184-4747x761,"198 Adrienne Plain, Pruitttown, WA 64493",2023-06-15,1994-05-21,2278.06
89,Erica,Anderson,erica.anderson@yahoo.com,+1-881-235-7987,"02309 Emily Mountains Suite 320, Lake Nicole, ID 85171",2024-07-23,1959-05-30,2081.46
90,Michael,Gallegos,michael.gallegos@yahoo.com,474.337.3886x36003,"53628 Garcia Prairie, Sanchezfurt, UT 42622",2023-12-12,1958-05-23,1135.28
91,Carol,Yates,carol.yates@yahoo.com,8656275795,"48206 Harris Corner Apt. 943, Lake Jenniferfurt, GA 90087",2023-07-21,1970-11-09,3273.56
92,Frank,Barber,frank.barber@yahoo.com,291-727-8411x139,"94007 Paul Ways Apt. 558, Shawnfurt, RI 08947",2023-09-07,1959-04-20,2893.64
93,Benjamin,Houston,benjamin.houston@gmail.com,3676181249,"8885 Lyons Throughway, Joelland, WA 32447",2024-07-26,1964-01-16,333.01
94,Crystal,Tucker,crystal.tucker@yahoo.com,112-276-4450x959,"29962 Montoya Creek Apt. 491, Chapmanfort, KS 91601",2024-01-14,1981-07-22,1176.19
95,Amber,Massey,amber.massey@gmail.com,+1-462-870-7322x56585,"4505 Mcgrath Ports, Port Francisco, MI 36919",2023-04-24,1970-07-18,3373.52
96,Lisa,Carter,lisa.carter@hotmail.com,+1-894-462-7214x7079,"713 Cathy Shoal Apt. 400, Aimeestad, KS 02243",2024-03-25,1996-12-28,6287.09
97,Michele,Black,michele.black@hotmail.com,469-339-6646x1978,"07963 Patricia Fork Suite 337, Melissaland, DE 60630",2023-04-22,1972-11-24,1582.05
98,Jimmy,Richardson,jimmy.richardson@hotmail.com,299.179.9577,"25267 Allison Creek Suite 872, East Jacquelinebury, AL 67677",2023-11-30,1957-12-18,6813.4
99,Billy,Ramos,billy.ramos@gmail.com,+1-169-332-1850x369,"524 Mclean Plains Suite 378, New Rhondatown, NH 81295",2023-09-28,1956-09-06,2687.3
100,Christopher,Estrada,christopher.estrada@yahoo.com,(676)518-2653,"7658 Jessica Roads Suite 800, South Jonathan, OH 82734",2024-04-05,1963-12-25,1215.76
101,Jesse,Munoz,jesse.munoz@gmail.com,5952717810,"137 Williams Radial Suite 672, East Susanview, NH 40476",2024-04-13,1997-01-23,4276.45
102,Tracy,Wilson,tracy.wilson@yahoo.com,723.696.6547x7839,"4205 Timothy Lock, Wesleymouth, MS 13397",2023-05-20,1965-09-18,8365.61
103,Theresa,Brooks,theresa.brooks@gmail.com,851-770-5909x92194,"46311 Moore Station, West Kimberly, DC 57467",2023-06-12,1967-11-22,5824.07
104,Chad,Montes,chad.montes@hotmail.com,(466)068-5726x7476,"9759 Burke Mountains, Jameshaven, MS 32523",2023-11-30,1958-04-25,1105.49
105,Christina,Chandler,christina.chandler@hotmail.com,(504)532-9595,"44874 David Course Suite 676, Lake Allen, NJ 58798",2024-09-25,2000-12-02,7446.03
106,Daniel,Hahn,daniel.hahn@hotmail.com,6160962551,"USS Romero, FPO AP 44678",2023-10-01,2000-01-22,9914.3
107,James,Mann,james.mann@gmail.com,(266)292-9840x91909,"374 Philip Islands Suite 138, Penaland, MA 24236",2023-10-23,1959-11-16,5065.66
108,Patty,Wiggins,patty.wiggins@hotmail.com,161-161-6778x82282,"01482 Melody View, Port Kimside, MO 57526",2023-11-27,1971-11-25,2278.31
109,William,Silva,william.silva@yahoo.com,6912156769,"3070 David Island Suite 699, South Raymond, ND 73017",2024-03-13,1998-11-13,3591.94
110,Jennifer,Hodges,jennifer.hodges@gmail.com,+1-623-007-3715x514,"937 Meyers Valley, Port Brian, ME 08274",2025-03-15,2000-04-24,6023.67
111,Justin,Henderson,justin.henderson@hotmail.com,+1-146-541-5228x907,"0263 Jessica Island Suite 544, Hortonberg, PA 81653",2023-10-21,1972-11-04,8119.68
112,Alyssa,Callahan,alyssa.callahan@hotmail.com,+1-645-053-1438,"0650 Flores Land Apt. 594, Hoodtown, MN 79016",2024-08-13,1959-01-23,5419.44
113,Jamie,Ward,jamie.ward@gmail.com,001-958-020-3312x420,"0489 Robert Harbor, Port Dariusland, WA 17266",2024-03-22,2003-01-05,5812.44
114,Charles,Aguirre,charles.aguirre@hotmail.com,4505587762,"2276 White Parks Apt. 204, East Sandy, NM 70508",2023-04-28,1988-06-05,2274.53
115,Deborah,Sherman,deborah.sherman@yahoo.com,344.579.6966x306,"8977 Antonio Light Apt. 881, South Patrickbury, PA 05686",2023-12-07,1989-07-27,1448.46
116,Charles,Gonzalez,charles.gonzalez@hotmail.com,(742)938-5604x7652,"USS Young, FPO AE 85724",2024-07-14,1968-02-14,2353.34
117,Sophia,Long,sophia.long@gmail.com,371.058.7560x14550,"2995 Griffith Mill, Nicholasmouth, MO 62633",2023-11-07,1981-11-04,588.73
118,Gloria,Ramirez,gloria.ramirez@hotmail.com,001-908-605-1743x0959,"Unit 2319 Box 5418, DPO AA 89034",2023-08-28,1961-06-10,4464.55
119,Brooke,Pena,brooke.pena@yahoo.com,892.419.9927x66926,"0585 Brooks Stravenue Apt. 186, Kevintown, MI 06772",2024-02-08,1995-10-29,9854.04
120,Erin,Valenzuela,erin.valenzuela@yahoo.com,001-913-449-7758x57363,"509 Smith Plaza Apt. 138, East Brandonville, MA 80368",2025-02-25,2004-08-16,6077.49
121,Kevin,Richardson,kevin.richardson@yahoo.com,001.855.5601,"789 White Extension Suite 983, West Jacquelineside, OK 78884",2023-07-24,1968-11-02,8416.41
122,Monica,Johnson,monica.johnson@gmail.com,538-447-1894,"779 Snyder Ford, North Alisonberg, LA 07500",2023-11-09,2006-04-18,1670.13
123,Jacob,Williams,jacob.williams@hotmail.com,(597)832-7004x76177,"50565 Thomas Port, Port Crystalton, WV 02207",2024-11-15,1985-09-29,827.85
124,Alyssa,Bryant,alyssa.bryant@yahoo.com,(750)383-4217x052,"4304 Paula Fork, Perkinsport, HI 22637",2023-11-07,1987-01-08,4301.9
125,Adrian,Bennett,adrian.bennett@yahoo.com,(475)069-0429,"6856 Williams Mountains, Davismouth, DE 74982",2024-02-29,1954-09-12,1179.28
126,Jimmy,Vincent,jimmy.vincent@hotmail.com,366-135-2197,"854 Mccall Trafficway Suite 291, Shieldston, NJ 84944",2024-06-04,1997-01-14,9431.08
127,Ashlee,Mitchell,ashlee.mitchell@gmail.com,+1-083-195-1985x9247,"739 King Estate Apt. 121, Jefferychester, LA 95402",2023-12-30,1956-06-06,4139.17
128,Monica,Davenport,monica.davenport@hotmail.com,210-326-3722x3044,"Unit 8767 Box 6247, DPO AE 22604",2024-12-27,1964-08-27,1497.18
129,Laura,Marsh,laura.marsh@gmail.com,+1-087-530-9890x72157,"47429 Phillips Lake Apt. 699, Davidview, MT 00992",2025-02-20,1984-12-03,2089.25
130,Brandy,Pineda,brandy.pineda@gmail.com,+1-392-294-8630,"97578 Henderson Crossroad, North Michaelborough, AR 78732",2024-11-23,1989-07-05,371.62
131,Nathaniel,Davis,nathaniel.davis@yahoo.com,(125)828-8563,"0588 Zachary Brooks Apt. 371, South Donfort, AR 12091",2024-01-23,1959-10-06,2851.34
132,Sandra,Watkins,sandra.watkins@yahoo.com,(968)321-6746x57603,"501 Julia Tunnel Suite 262, Lake Michele, FL 91411",2024-06-26,1981-01-19,1254.1
133,Robert,Miller,robert.miller@gmail.com,643.696.4506,"56332 Cassandra Garden Suite 543, Hartmantown, UT 86006",2024-09-21,1976-01-08,6996.25
134,Michael,Jones,michael.jones@yahoo.com,001-803-181-0878x36797,"53360 Contreras Inlet Suite 021, East Jeffrey, IN 32580",2024-06-18,1997-03-06,1240.88
135,Richard,Cox,richard.cox@yahoo.com,001-074-707-8070x310,"40635 Brenda Land, Codystad, SD 45308",2024-06-04,1961-04-15,3504.97
136,Anna,Gallagher,anna.gallagher@hotmail.com,001-398-522-8845x0605,"99256 Smith Land Suite 132, Jasonmouth, ID 09237",2023-10-19,1979-04-06,519.16
137,Chris,Ferrell,chris.ferrell@hotmail.com,(253)691-2045,"USNV Marsh, FPO AP 53527",2024-02-04,1997-10-10,6221.22
138,Kendra,Tucker,kendra.tucker@gmail.com,(750)399-0123,"2030 Heidi Avenue, Benjaminview, OK 89566",2024-05-20,1972-01-13,3480.35
139,Kenneth,Jones,kenneth.jones@gmail.com,(528)980-7198,"33103 Wilson Land Apt. 128, Fieldsshire, IA 42195",2024-08-21,2006-03-10,5744.54
140,Cole,Larson,cole.larson@gmail.com,(558)636-8221x25804,"764 Jacobs Parkway Apt. 235, Davisbury, TN 47511",2023-07-18,1987-06-19,2066.57
141,Cynthia,Clark,cynthia.clark@hotmail.com,948-043-1487,"31268 Gary Ways, East Kathrynchester, MI 19373",2024-11-11,1971-10-12,6384.65
142,Kelly,Shields,kelly.shields@gmail.com,+1-207-392-9989x10425,"630 Cindy Throughway, Haysshire, WI 70312",2024-06-03,2002-08-14,7879.51
143,Megan,Skinner,megan.skinner@yahoo.com,+1-527-899-0254x03340,"87449 Cortez Throughway Suite 072, Lake Lisashire, TN 72107",2024-03-13,1988-09-05,5895.82
144,Chris,Manning,chris.manning@yahoo.com,336.485.1635,"842 Stevens Light Suite 985, Port Allison, OH 04129",2023-05-15,1959-12-31,2261.32
145,Shane,Thomas,shane.thomas@hotmail.com,001-591-309-9206x80304,"53841 Carter Plaza Apt. 451, Davidmouth, NV 02485",2024-10-30,1974-12-22,1571.58
146,Jennifer,Bonilla,jennifer.bonilla@yahoo.com,786.418.9577,"4785 Samuel Mill, North Melissa, ND 40462",2024-01-01,1958-04-07,805.14
147,Lori,Phillips,lori.phillips@yahoo.com,+1-611-026-5268x46551,"6450 Patterson Fort Suite 902, Brightshire, MS 22136",2024-06-25,2004-04-18,8327.62
148,Christopher,Anderson,christopher.anderson@gmail.com,+1-003-824-3276x785,"1477 Sosa Run, North Troyside, PA 99671",2025-04-01,1964-05-03,9957.87
149,Nicole,Jackson,nicole.jackson@hotmail.com,(016)157-5232x050,"13422 Robert Lock, Lake Raymondville, TN 52096",2023-06-05,2004-02-06,3160.62
150,Ashley,Garza,ashley.garza@hotmail.com,(275)676-6785x61644,"508 Ryan River Suite 181, Taylormouth, WI 23316",2023-06-25,1959-09-08,6160.26
151,Heidi,Terry,heidi.terry@gmail.com,448-828-0634x752,"0750 Michael Gardens Suite 748, Lake Laurenstad, ID 73035",2024-01-15,1957-12-10,2735.72
152,Tanya,Silva,tanya.silva@yahoo.com,001-645-182-4587x18321,"955 Cruz Mission Suite 963, Riverafort, HI 20642",2023-10-12,1994-01-25,6071.8
153,Philip,Lee,philip.lee@yahoo.com,0599477853,"03326 Latoya Vista, Crawfordton, MI 24156",2024-03-07,1989-06-13,3323.06
154,Steven,Vasquez,steven.vasquez@yahoo.com,911-930-8927x0331,"USNS Davis, FPO AP 01668",2023-08-13,1963-10-16,7099.28
155,Bailey,Hamilton,bailey.hamilton@gmail.com,236-610-4537,"9401 Maria Lane, South Maryburgh, OK 66578",2023-05-23,1981-10-03,932.99
156,Timothy,Pierce,timothy.pierce@gmail.com,267-195-7453x44895,"099 Carpenter Fall, Port Davidchester, OK 48494",2023-05-04,1980-01-05,7154.52
157,Donna,May,donna.may@yahoo.com,391.862.2401x96192,"9670 Turner Haven, Blackburnfurt, NH 06146",2024-02-08,1961-09-10,8097.37
158,Lori,Smith,lori.smith@yahoo.com,001-732-775-9151x071,"52882 Charlene Squares, Charlesstad, ID 72658",2024-03-06,1967-11-27,4984.37
159,Amanda,Baker,amanda.baker@gmail.com,741.966.8713,"764 Vickie Spurs Suite 572, Jimenezview, OR 51646",2023-12-25,2001-02-09,7852.22
160,James,Foster,james.foster@hotmail.com,725.865.1243,"780 White Greens, Port Alexandraburgh, OK 39499",2023-09-26,1964-03-29,2034.07
161,James,Smith,james.smith@yahoo.com,114-818-4048x9644,"6390 White Passage, Piercehaven, NM 34975",2024-11-29,1961-09-19,537.88
162,Kevin,Stout,kevin.stout@hotmail.com,001-374-994-1955,"01892 Dunn Highway Apt. 216, Port Bryanchester, MN 42429",2024-11-20,1990-03-28,6211.52
163,Gerald,Ferguson,gerald.ferguson@gmail.com,7223747627,"02262 Kemp Turnpike, West Mitchellton, MA 02308",2024-05-23,1999-11-04,8838.98
164,John,Simpson,john.simpson@yahoo.com,810-099-3749x190,"4261 Thompson Greens Suite 445, New Christina, TX 57125",2023-08-08,1970-12-31,3583.36
165,Marc,Lloyd,marc.lloyd@yahoo.com,003-169-2392,"42713 Saunders Islands, Thompsonmouth, LA 82368",2024-02-06,1977-06-17,8879.05
166,Kelly,Baldwin,kelly.baldwin@yahoo.com,953.011.8898,"286 Christopher Fall, Port Thomas, GA 60702",2025-04-13,2004-01-28,2154.17
167,Christina,Williams,christina.williams@yahoo.com,001-468-894-9481x42230,"PSC 7583, Box 3881, APO AA 28323",2024-03-08,1997-07-28,4723.74
168,Raymond,Carter,raymond.carter@yahoo.com,573-475-5922,"694 Phillip Pass, Port Anthonyport, LA 51248",2025-01-16,1958-12-12,9666.69
169,Susan,Smith,susan.smith@yahoo.com,910.151.8510,"0110 Kelley Shores, North Rossberg, AZ 94486",2023-10-27,1968-10-19,8483.15
170,Summer,James,summer.james@yahoo.com,454-775-1550x39027,"580 Brown Knolls, Jeffreyland, CA 65868",2025-03-31,1991-10-13,7655.45
171,Robert,Martin,robert.martin@hotmail.com,661-201-5014x4257,"7335 Melissa Centers Apt. 564, Novakland, HI 75758",2023-06-28,2003-02-18,7442.6
172,Colleen,Ellis,colleen.ellis@hotmail.com,074-330-4978x939,"PSC 6309, Box 2077, APO AA 11931",2023-04-28,1988-05-13,9466.36
173,Mary,Dickerson,mary.dickerson@yahoo.com,001-190-468-6500x4301,"524 Terry Stravenue Suite 667, North Gregorybury, WA 78144",2024-06-07,1985-01-07,5180.72
174,Drew,Thompson,drew.thompson@yahoo.com,001-953-801-8239x287,"300 Christensen Alley, West Matthewville, WI 50095",2023-10-10,1994-04-30,4173.87
175,Denise,Wood,denise.wood@gmail.com,001-954-880-7753x0313,"283 Walker Islands, Andersonbury, GA 89411",2024-05-24,1992-09-21,1922.45
176,Jeffrey,Holland,jeffrey.holland@yahoo.com,347-125-3989x4910,"15014 Caleb Tunnel, Travisville, CA 17640",2025-02-26,1982-10-03,1550.22
177,Connie,Lawrence,connie.lawrence@hotmail.com,+1-970-603-2434x70575,"30333 Grimes Walks Apt. 453, North Brandi, AK 49605",2024-02-13,2006-01-21,3953.6
178,Dana,Mcconnell,dana.mcconnell@gmail.com,457.027.6700x7857,"5739 Gallagher Forest Apt. 662, Burkemouth, SD 81821",2023-04-18,1981-01-30,329.05
179,Gina,Franklin,gina.franklin@hotmail.com,+1-207-139-7514x06877,"20524 Carol Highway, South Davidburgh, MO 96997",2024-12-05,1993-05-22,7346.36
180,Brenda,Gibson,brenda.gibson@yahoo.com,+1-495-186-9687x74555,"00340 Kimberly Heights, South Matthew, WV 69677",2024-02-04,1983-09-27,1132.12
181,Christopher,Wong,christopher.wong@gmail.com,480-380-1458,"3251 Sullivan Forge Apt. 944, South Jessicafurt, TN 45540",2023-07-02,1962-12-30,2954.54
182,Gregory,Mendez,gregory.mendez@yahoo.com,001-484-113-7908x35108,"8020 Jessica Point, North Michaelland, SC 04250",2023-12-15,1999-07-01,4346.27
183,Billy,Lopez,billy.lopez@yahoo.com,244-665-6451x1662,"14279 Rachel Ferry, Donnastad, WY 10751",2024-09-22,2002-03-29,3617.95
184,Jerome,Blevins,jerome.blevins@gmail.com,858-895-9577x9986,"19375 Hubbard Vista Suite 870, North Bonniefort, WV 50782",2024-07-19,1999-06-28,8417.61
185,Rachel,Clark,rachel.clark@hotmail.com,235-389-7783x857,"Unit 3012 Box 6743, DPO AE 08908",2024-09-12,1964-12-17,944.94
186,Cody,Yang,cody.yang@gmail.com,379-439-9245,"PSC 4255, Box 4091, APO AP 10347",2024-03-18,1994-05-27,1368.05
187,David,Harper,david.harper@gmail.com,+1-170-089-2382x219,"1457 James Radial Suite 192, Carolmouth, GA 39845",2024-03-09,1965-09-02,7496.16
188,Logan,Gallagher,logan.gallagher@yahoo.com,927-093-4282x4766,"0264 Williams Burg Apt. 921, South Chrischester, LA 36942",2024-07-26,1973-11-14,3574.09
189,Sean,Carter,sean.carter@gmail.com,958-050-7774,"82728 Lawrence Vista Apt. 893, Brayhaven, KS 33738",2024-02-03,1962-08-05,8493.49
190,Matthew,Hamilton,matthew.hamilton@yahoo.com,+1-825-083-8012x551,"62876 Jackson Mountain Suite 188, Hallborough, WY 03100",2024-06-22,1983-02-15,1257.66
191,Melanie,Green,melanie.green@hotmail.com,001-871-544-2816x0069,"07486 David Crescent Apt. 187, Patriciaborough, CO 32019",2025-03-20,1978-06-19,4469.16
192,Corey,Doyle,corey.doyle@gmail.com,+1-738-107-0807x93209,"84145 Good Stravenue Suite 344, Benjaminberg, ND 52007",2023-10-16,1965-05-21,6341.22
193,Christopher,Marsh,christopher.marsh@gmail.com,(434)972-7219,"45402 Elizabeth Brook, Brianhaven, KY 35802",2023-07-24,1991-07-08,1199.2
194,Madison,Cole,madison.cole@hotmail.com,010.095.0092,"USNV Moses, FPO AP 96726",2024-02-07,1959-08-24,5341.62
195,Jose,Peterson,jose.peterson@hotmail.com,001-084-841-8066x321,"08152 Kim Shoal, Lake Tylerfurt, CA 34783",2024-12-29,1979-07-16,1500.0
196,Monica,Green,monica.green@hotmail.com,502-735-8905,"38255 Jennifer Rapid, Aguilarburgh, WA 71828",2024-05-20,1999-01-24,4416.52
197,Matthew,Davis,matthew.davis@gmail.com,865-767-5959x32562,"7860 Katrina Mount Suite 585, Port Davidport, IA 94296",2023-08-28,1991-09-17,9376.81
198,Cesar,Ward,cesar.ward@yahoo.com,059-764-5671,"329 Williams Manors, Wrightview, ME 71220",2024-05-15,1959-12-26,6114.28
199,Benjamin,Lin,benjamin.lin@hotmail.com,(821)752-9513,"Unit 6786 Box 5292, DPO AE 81451",2025-04-17,1963-01-15,3784.1
200,Nichole,Smith,nichole.smith@gmail.com,+1-660-527-8576x85156,"66424 Brandt Knolls Suite 246, South Katrina, GA 00796",2023-09-07,2003-07-03,8782.62
201,Martin,Arroyo,martin.arroyo@hotmail.com,001-935-596-8610x1408,"460 Melissa Turnpike, Shieldsview, CO 96873",2025-03-22,1961-12-22,6692.23
202,Patricia,Sanchez,patricia.sanchez@gmail.com,072.987.9686,"9977 Anita Parks Suite 902, Jordanmouth, OR 98741",2025-03-28,1955-07-23,6769.95
203,Austin,Lee,austin.lee@gmail.com,(571)951-2475x8946,"054 Megan Club Apt. 695, North Jackside, RI 19795",2023-06-22,2005-02-15,573.54
204,Kimberly,Strong,kimberly.strong@gmail.com,(160)729-5341x0044,"70371 Bonilla Manor Apt. 822, East Cassidy, MA 33717",2023-10-29,2003-05-26,8691.74
205,Philip,Brown,philip.brown@gmail.com,386-956-7913x3658,"8923 Romero Drives Apt. 436, Paulville, KY 42885",2024-03-31,1982-11-27,1573.56
206,Dennis,Sharp,dennis.sharp@hotmail.com,650-769-5819x6468,"758 Miller Forest, West Diane, NC 14589",2023-08-07,1973-06-18,5459.15
207,Stacie,Lee,stacie.lee@yahoo.com,649.466.8247x92015,"38182 Luis Well Suite 456, Robertshire, GA 30780",2025-02-10,1999-09-15,4322.39
208,Philip,Potts,philip.potts@hotmail.com,+1-500-772-8515x17799,"56010 John Heights Apt. 691, West Brendaton, OR 20083",2025-01-17,1993-10-19,7070.39
209,Lawrence,Baker,lawrence.baker@yahoo.com,195-704-1947x86562,"142 Sarah Fords, North Joseph, ID 92223",2023-10-13,2001-07-17,5403.21
210,Robert,Lopez,robert.lopez@hotmail.com,(552)705-9698,"5360 Noah Road Suite 260, Danielchester, OR 71966",2023-09-10,1992-02-14,9914.35
211,Krystal,Sanchez,krystal.sanchez@hotmail.com,226.483.1618x305,"5465 Craig Pike, East Barbara, WA 97225",2024-08-02,1965-09-25,8310.2
212,Stephanie,Jackson,stephanie.jackson@gmail.com,434-252-3658x7662,"283 Henry Valley Apt. 646, Briannaview, ID 73007",2024-10-17,1972-01-26,6580.39
213,Travis,Meza,travis.meza@yahoo.com,335-090-1369x0907,"54973 Arthur Manor, Lake Michelleshire, WY 58818",2025-02-20,1959-03-30,4539.63
214,Joshua,Aguilar,joshua.aguilar@gmail.com,001-241-312-4473x3336,"5767 Gina Haven, Port Adrienne, FL 32574",2023-10-28,1968-12-10,3800.97
215,Rhonda,Brown,rhonda.brown@gmail.com,290-500-4154x3289,"600 Crystal Mission, Port Kristenport, FL 46015",2024-06-18,1967-02-04,9039.64
216,Jennifer,Harris,jennifer.harris@yahoo.com,3797016746,"5101 Hawkins Groves Apt. 546, New Christopher, VT 08224",2023-10-04,1997-10-03,3740.05
217,Margaret,Miranda,margaret.miranda@hotmail.com,001-273-724-7320x49096,"93640 Bolton Skyway Suite 109, Lake Matthewside, HI 74981",2024-11-04,2004-04-20,85.71
218,Tonya,Jackson,tonya.jackson@yahoo.com,383.257.1847,"89187 Baker Fall, Lake Joanneton, TN 67749",2023-09-05,2002-10-17,2968.84
219,Tammy,Garcia,tammy.garcia@hotmail.com,001-331-064-4206,"26203 Kristin Spur, Joseshire, RI 40309",2025-01-14,1995-05-06,1423.25
220,Ashley,Thomas,ashley.thomas@gmail.com,525.655.1874x420,"4541 Griffin Stravenue, Andreafort, MA 46667",2025-03-30,1988-12-10,6961.26
221,William,Combs,william.combs@gmail.com,(372)719-5828,"9761 Alicia Oval, Port Courtneystad, NV 02626",2024-08-01,1989-11-28,2844.32
222,Pamela,Hensley,pamela.hensley@yahoo.com,(335)891-6201x81322,"3890 Ellison Crescent, New Kristin, OH 68096",2024-03-20,1994-07-25,3642.21
223,Joshua,Avila,joshua.avila@yahoo.com,(682)577-6871x9732,"849 Leon Roads Apt. 021, Jennyport, GA 86738",2024-07-08,1964-03-13,4672.58
224,Alexander,Woodard,alexander.woodard@gmail.com,657.540.0442x1408,"2956 Steven Knolls, Mooreport, PA 59869",2024-02-25,2007-04-07,694.47
225,Keith,Smith,keith.smith@hotmail.com,(668)209-5679,"589 Lisa Crest Suite 671, North Davidberg, OH 55196",2024-11-07,1972-05-31,1809.7
226,Tricia,Patterson,tricia.patterson@gmail.com,001-135-390-7661x76048,"054 Odonnell Mount Suite 728, South Thomas, MN 40095",2025-03-19,1993-09-02,7992.33
227,Jillian,Kennedy,jillian.kennedy@gmail.com,961-055-6397x54531,"90864 Gray Shore, Lorimouth, LA 15687",2024-01-24,1978-06-16,3162.87
228,Christopher,Johnson,christopher.johnson@yahoo.com,(251)372-8675x62452,"0593 Davis Estates Apt. 975, Carlsonborough, VT 70426",2023-07-03,1960-05-02,9673.08
229,Rebekah,Erickson,rebekah.erickson@gmail.com,137-639-3734x9871,"37386 Samantha Glen Suite 269, East Trevor, ND 35439",2024-10-05,1981-03-16,6473.23
230,Allison,Castillo,allison.castillo@hotmail.com,(843)331-8706,"8543 Adam Rest, Jillhaven, AZ 02807",2024-07-19,1990-02-10,3486.37
231,Angela,Smith,angela.smith@hotmail.com,001-105-643-0530,"66351 Garcia Mission Suite 042, Lopeztown, WV 08032",2025-03-29,1967-09-04,5256.08
232,Deborah,Pitts,deborah.pitts@hotmail.com,7543440314,"Unit 1345 Box 2439, DPO AE 40402",2024-06-11,2004-09-23,3528.85
233,Matthew,Morrow,matthew.morrow@gmail.com,468-922-8278,"4565 Farmer Tunnel Suite 774, South Audreyshire, PA 74833",2024-06-01,1980-09-06,6536.19
234,Tamara,Sandoval,tamara.sandoval@hotmail.com,(116)351-4225x7148,"194 Jones Crescent Apt. 331, New Danielchester, ND 07072",2024-01-03,1966-04-10,4255.36
235,Kenneth,Spears,kenneth.spears@hotmail.com,001-586-806-2656x3566,"Unit 5950 Box 4816, DPO AA 44602",2024-06-21,2004-11-13,8531.14
236,Ronald,Walls,ronald.walls@hotmail.com,+1-979-720-2611x8841,"6086 Debra Mount Suite 253, Guzmanport, SD 56213",2023-06-27,2005-09-22,7886.86
237,Julia,Rodriguez,julia.rodriguez@gmail.com,(408)149-8219,"67588 Brian Pine, Kevinview, NE 21786",2024-07-07,1981-12-12,4348.05
238,William,Walker,william.walker@hotmail.com,(721)622-2535x743,"Unit 3734 Box 9443, DPO AP 12357",2024-08-10,1994-06-07,965.37
239,Roger,Reed,roger.reed@hotmail.com,001-778-735-1745x985,"334 Jonathan Estate Suite 140, East Adamborough, ME 65465",2024-07-14,1989-08-31,6203.82
240,Monica,Goodwin,monica.goodwin@gmail.com,+1-351-626-4719x204,"30908 Robert Lights Apt. 782, East David, IN 66510",2024-05-24,1996-08-28,6387.54
241,Teresa,Moore,teresa.moore@hotmail.com,969-673-8707,"02526 Jason Ramp Suite 861, South Brentland, MD 18123",2025-02-21,1960-09-16,3936.69
242,Veronica,Ortega,veronica.ortega@yahoo.com,001-084-093-0196x751,"079 Marcus Shoal Suite 829, Allisonville, FL 64321",2024-11-10,1988-11-27,487.52
243,Tiffany,Stokes,tiffany.stokes@hotmail.com,(235)518-4972,"409 Adams Divide Suite 245, West Mathew, MS 93670",2025-01-29,1981-03-25,1769.22
244,Allison,Howard,allison.howard@gmail.com,(826)276-4156x2487,"0958 Lauren Vista Suite 920, Scottburgh, ND 97760",2024-11-05,1964-03-02,2662.5
245,Steven,Juarez,steven.juarez@yahoo.com,983-135-2866x07981,"76278 Amy Hollow Apt. 197, Rodriguezfurt, IA 76831",2023-09-08,1956-02-06,8194.92
246,Crystal,Parker,crystal.parker@yahoo.com,553-265-6583,"USS Roberts, FPO AA 88091",2024-04-23,1999-05-11,3153.97
247,Vernon,Mcgee,vernon.mcgee@yahoo.com,(492)690-0954,"781 Chen Springs Apt. 555, Petersland, ME 01166",2023-11-10,1993-05-28,7446.06
248,John,Richmond,john.richmond@yahoo.com,(673)139-4484,"48565 Lee Summit, Port Melinda, MO 91071",2024-10-30,1996-01-15,2677.82
249,Rebecca,Miles,rebecca.miles@yahoo.com,596-075-2486x512,"5407 Roy Skyway Apt. 249, Lamport, DC 90710",2023-09-15,1974-12-13,4185.55
250,Teresa,Jackson,teresa.jackson@yahoo.com,(116)484-1450x258,"2622 Bates Court, North Jenniferside, VA 87230",2024-09-05,1969-08-07,2205.04
251,Barbara,Patterson,barbara.patterson@yahoo.com,307-886-4016,"703 Darren Plains, West Alexandra, AK 41659",2025-01-06,1969-07-01,1064.18
252,Lydia,Fox,lydia.fox@gmail.com,(579)933-8389x224,"918 Ryan Pike, Lindseyshire, VA 06287",2023-08-27,1954-09-07,698.15
253,Lisa,Carpenter,lisa.carpenter@yahoo.com,001-001-497-9935x073,"38685 Andrea Union, Lake Williamborough, WV 48499",2023-11-13,1991-08-01,866.67
254,Stephanie,Donovan,stephanie.donovan@yahoo.com,992-476-8465x9136,"8105 Amanda Tunnel Suite 752, Rodriguezshire, PA 78724",2024-07-05,2000-07-01,2139.32
255,Dakota,Garcia,dakota.garcia@yahoo.com,1705495739,"3214 Wallace Lakes Suite 188, Jonathanborough, UT 52073",2025-01-29,1974-06-19,8826.86
256,Nicholas,Potter,nicholas.potter@hotmail.com,+1-283-553-8141x63165,"6616 Cohen Pass, Mcdowellfurt, MD 15191",2024-03-11,1984-01-02,6803.06
257,Susan,Lopez,susan.lopez@gmail.com,736.463.7683x1852,"992 Kelly Glens, Burtonshire, MA 22401",2023-12-18,1955-07-10,965.23
258,Kevin,Lewis,kevin.lewis@yahoo.com,6913881328,"60721 Ronald Island, Sanchezstad, VT 48711",2024-10-29,1980-08-14,2672.21
259,Ronnie,Dudley,ronnie.dudley@hotmail.com,(613)096-3438x867,"56524 Davis Junction, Anthonyport, NH 55723",2024-03-11,1986-11-22,528.47
260,Todd,Edwards,todd.edwards@yahoo.com,1964017392,"066 Joshua Hollow Suite 628, Timothychester, CO 24736",2024-05-16,1985-02-12,6220.69
261,Danielle,Jackson,danielle.jackson@gmail.com,337-892-5924x4160,"6629 Jeff Summit Apt. 273, North Heatherland, AL 94099",2024-09-16,1989-04-14,4406.75
262,Nathan,Alexander,nathan.alexander@hotmail.com,001-103-920-9419x93495,"053 Brittany Terrace Apt. 315, North Joshua, MA 50593",2024-12-02,2003-10-06,1919.27
263,Carol,Cook,carol.cook@yahoo.com,188.611.9578x7629,"5075 Sara Drive Apt. 901, Lake Michaelville, LA 03037",2023-05-01,1970-02-19,4602.85
264,Tyler,Pierce,tyler.pierce@gmail.com,479-555-8951x84122,"3938 Jacob Cliff Apt. 184, Williamsonview, ME 97596",2023-09-02,1975-05-31,2881.34
265,Andrea,Gray,andrea.gray@hotmail.com,7930182209,"19806 Jessica Junctions, New Karinabury, FL 77443",2024-09-18,1982-06-01,9486.17
266,Mary,Martinez,mary.martinez@yahoo.com,792-961-3022x16949,"3730 Mills Loaf, Port Tracey, WI 15917",2024-02-04,1987-01-29,8703.62
267,Robin,Sandoval,robin.sandoval@yahoo.com,966.039.2683,"2939 Moore Manor Suite 027, West Jamesstad, NC 01370",2024-07-26,1973-08-30,7074.38
268,Leslie,Vasquez,leslie.vasquez@gmail.com,001-881-946-9405x980,"9190 Michael Views, Brianberg, MD 61954",2023-08-26,1982-03-24,9516.71
269,Samantha,Stone,samantha.stone@hotmail.com,772.224.9850,"049 John Turnpike Apt. 154, South Ashley, AZ 79570",2024-07-11,2000-10-23,9882.84
270,Jill,Kennedy,jill.kennedy@gmail.com,895.444.7752x754,"906 Parks Trail, Woodport, SD 60650",2024-04-17,1962-03-03,4926.42
271,Lisa,Singleton,lisa.singleton@gmail.com,782.094.9477,"83370 Karen Fields Suite 002, Port Jennifer, MO 77882",2025-02-03,1983-02-24,8035.04
272,Stacy,Wallace,stacy.wallace@yahoo.com,001-744-191-8896x62309,"43779 King Avenue Apt. 965, New Davidton, TX 85166",2024-04-14,1973-01-12,8804.07
273,Robert,Carpenter,robert.carpenter@yahoo.com,+1-038-238-7376x0540,"35899 Whitaker Crossing Apt. 022, Perezfort, WA 73778",2023-05-29,1967-04-22,4522.88
274,Tyler,Knight,tyler.knight@hotmail.com,(844)633-1707x11778,"896 Anthony Crossing Suite 921, East Donnastad, MO 57211",2025-01-10,2001-02-08,3116.32
275,Melanie,Wilson,melanie.wilson@gmail.com,+1-163-420-8572x78101,"2803 Murray Stream, Johnsonport, NE 67590",2023-09-03,1987-02-14,8744.95
276,Charles,Mendoza,charles.mendoza@gmail.com,238.739.6755,"978 Tanner Mount, Lake Benjaminland, CO 91696",2025-03-05,1981-01-14,3461.87
277,Benjamin,Farmer,benjamin.farmer@hotmail.com,472.203.8830x9198,"USNV Smith, FPO AA 16686",2023-06-12,1956-08-12,726.24
278,Erik,Horton,erik.horton@yahoo.com,001-990-151-2044x8954,"01882 Franklin Terrace Suite 277, Tracybury, WA 05835",2025-03-13,2005-08-28,5984.44
279,William,Morton,william.morton@hotmail.com,001-060-614-3868x69014,"90641 Duke Roads Suite 125, Stevensview, NE 37418",2024-12-06,1977-08-01,2607.73
280,Robert,Flowers,robert.flowers@yahoo.com,+1-423-663-3914x743,"Unit 3106 Box 5806, DPO AA 95297",2025-04-03,1955-03-02,1925.75
281,Charles,Rodriguez,charles.rodriguez@yahoo.com,+1-782-344-3226x006,"699 Heather Ville Suite 845, Port Davidview, DE 97676",2024-05-21,1962-10-31,8551.0
282,Victoria,Garcia,victoria.garcia@hotmail.com,752.025.1907,"60267 Hernandez Bridge, North James, HI 15821",2024-11-25,1974-05-10,8751.67
283,Noah,Fletcher,noah.fletcher@gmail.com,001-591-365-5177x95771,"71701 Cunningham Stream, Pearsonstad, FL 66820",2024-08-26,1996-05-05,6624.84
284,Jennifer,Miller,jennifer.miller@yahoo.com,001-507-030-7984x45752,"3249 Teresa Falls Apt. 112, Port Leslie, TN 92144",2024-07-18,1983-10-26,2419.62
285,Donald,Perez,donald.perez@gmail.com,554.438.6122,"92056 Kimberly Mountains Apt. 195, Cristinachester, AZ 90063",2024-09-25,2006-10-01,1844.06
286,Doris,Collins,doris.collins@yahoo.com,+1-292-860-9198x73622,"PSC 4397, Box 5212, APO AA 61394",2023-09-09,2007-01-10,5515.55
287,Logan,Powell,logan.powell@hotmail.com,(863)146-5993,"1275 Martinez Lodge Apt. 184, North Isabellaland, LA 04131",2025-01-03,1974-12-25,3148.96
288,Karen,Ball,karen.ball@gmail.com,459.986.8778,"35811 Steven Cliff, West Sara, NC 06102",2024-02-21,1979-08-09,6570.03
289,Jenny,Wilkinson,jenny.wilkinson@hotmail.com,(742)534-1695,"0689 Kara Walks, Christopherborough, IN 73405",2024-02-01,1958-10-26,8307.9
290,Ethan,Williams,ethan.williams@gmail.com,495.209.9654x142,"907 Caroline Stream Suite 065, Gregoryton, PA 22472",2025-02-26,1973-07-03,5807.06
291,Angela,Smith,angela.smith@hotmail.com,(775)382-4087,"17276 Christensen Extension Apt. 542, Thomasborough, ID 83065",2023-04-19,1990-05-21,6574.34
292,Michael,Zimmerman,michael.zimmerman@gmail.com,1562182802,"8282 Katherine Spring Suite 884, East Roger, SC 23821",2025-02-11,1990-10-16,6671.48
293,Melissa,Gonzalez,melissa.gonzalez@yahoo.com,(450)864-1216x33713,"232 Bauer Creek Suite 457, South Kimberly, MT 22359",2024-08-10,1985-05-25,2366.31
294,Dorothy,Richardson,dorothy.richardson@hotmail.com,0565283758,"910 Stephens Lake Suite 943, Lake Jeffreyberg, HI 47326",2024-11-29,2004-07-05,2610.83
295,Jeffrey,Edwards,jeffrey.edwards@yahoo.com,4692070675,"1539 Dawn Highway, South Alexisstad, TN 59453",2023-10-01,2001-04-03,264.34
296,Jennifer,Cox,jennifer.cox@gmail.com,699-783-1649,"06429 Reid Roads, Russofurt, MD 97006",2024-02-01,1970-09-08,3019.89
297,Noah,Gates,noah.gates@hotmail.com,001-246-358-5108,"72646 Courtney Expressway, Port Alexanderview, DE 13329",2024-05-13,1977-05-22,3027.12
298,Christopher,Fox,christopher.fox@gmail.com,+1-408-074-1681x99774,"28193 Brian Summit, Florestown, ME 51022",2024-12-29,1981-01-23,1264.84
299,Julia,Brooks,julia.brooks@gmail.com,(595)436-2602x274,"15198 Eric Ways, New Timothy, MA 54949",2023-12-18,1958-03-09,3710.69
300,Steven,Rose,steven.rose@gmail.com,(638)719-4054x776,"488 Crosby Lodge Suite 490, Cooperchester, VT 43434",2024-09-16,1971-10-11,1792.49
301,Timothy,Bishop,timothy.bishop@gmail.com,(223)224-8330x3335,"USCGC Lee, FPO AP 95215",2024-01-05,1985-12-12,6061.56
302,Cheryl,Lee,cheryl.lee@gmail.com,001-273-650-0091x673,"69232 Cardenas Lodge Apt. 563, Lake Maria, AK 86534",2024-05-13,1988-07-10,5750.21
303,Timothy,Phillips,timothy.phillips@yahoo.com,(622)672-8907x386,"94423 Cruz Glen Suite 570, Lozanoton, PA 76792",2024-02-20,2002-11-15,687.19
304,Jason,Carroll,jason.carroll@gmail.com,001-818-292-3655x09320,"08272 Johnson Cape, South Joannafurt, AL 81036",2025-04-06,1968-07-04,5949.09
305,Richard,Brown,richard.brown@hotmail.com,(518)435-1627x95854,"287 Bruce Lock Suite 267, Hannahbury, MO 97000",2024-03-07,1993-12-23,7875.48
306,Eric,Adams,eric.adams@gmail.com,(440)358-8723x432,"91593 Sutton Greens, Hendersonshire, NC 07592",2024-05-03,2000-02-11,4821.77
307,Elizabeth,Martin,elizabeth.martin@hotmail.com,434.062.4230x817,"5684 Bean Meadows Suite 801, South Amber, AK 12955",2025-04-01,2000-06-10,1761.18
308,Matthew,Oliver,matthew.oliver@yahoo.com,686.460.6851x624,"586 David Walks, North Nicholasland, WV 84980",2024-05-11,1979-11-16,484.08
309,Mark,Martin,mark.martin@hotmail.com,001-232-904-0643x574,"509 Jaclyn Alley, Davidport, MA 30993",2024-09-11,2001-10-31,8934.4
310,Ryan,Hall,ryan.hall@gmail.com,001-488-692-2443x663,"65284 Moore Forks, Hooperburgh, RI 28307",2023-05-12,1995-06-01,4199.65
311,Madison,Rodriguez,madison.rodriguez@gmail.com,+1-729-636-2035x527,"50844 David Fort, Peterview, NV 75811",2023-05-24,1965-05-24,3297.77
312,Devin,Rodriguez,devin.rodriguez@hotmail.com,980-103-7722x56882,"85852 Joseph Union, Robertbury, KS 36760",2023-05-02,1959-01-14,8223.69
313,Amy,Huber,amy.huber@hotmail.com,266-620-5426,"3465 Brian Freeway, Teresamouth, RI 68542",2023-06-07,2003-09-01,7240.79
314,Sean,Gutierrez,sean.gutierrez@gmail.com,001-836-757-2630x28588,"0092 Tanner Manor, Jasonborough, OR 61310",2025-02-03,1956-03-15,9854.92
315,Julie,Wright,julie.wright@yahoo.com,568.357.2059x5809,"81460 William Inlet Suite 740, Graybury, MA 70751",2024-05-07,1968-11-14,1627.85
316,Paul,Chang,paul.chang@gmail.com,(699)900-6999x953,"60278 Hogan Mountain Suite 611, Hughesshire, MT 30798",2023-06-08,1973-07-16,7133.59
317,Hannah,Thompson,hannah.thompson@hotmail.com,+1-251-744-0665,"155 Amber Rue, Debbieshire, FL 03677",2023-05-16,1996-05-20,748.16
318,Edwin,Thompson,edwin.thompson@hotmail.com,845-944-8769x619,"561 Briggs Streets, Hatfieldville, VA 50759",2024-09-28,1973-09-03,6227.23
319,Emily,Clark,emily.clark@hotmail.com,949.744.5636x1471,"3929 Hall Falls, Port Angela, NV 38587",2024-07-27,1960-03-16,3707.4
320,Andrew,Jacobs,andrew.jacobs@hotmail.com,684-444-6531x7722,"217 Singh Ferry Suite 061, East Deborahtown, HI 33310",2023-08-01,1990-10-21,2172.68
321,Chelsea,Mccann,chelsea.mccann@hotmail.com,812-083-3629,"7795 Powell Mountains Suite 516, West Keithland, CA 02804",2024-01-21,1969-09-01,6414.28
322,Mary,Dunlap,mary.dunlap@gmail.com,395.871.3150,"1016 Jose Rapids, Whitemouth, WY 48772",2024-12-25,1969-12-25,362.66
323,Erica,Whitehead,erica.whitehead@yahoo.com,957.477.8855x5692,"71252 Robert Islands Apt. 831, Port Kimberlytown, MA 31366",2025-03-30,2004-05-16,4288.84
324,Connie,Thomas,connie.thomas@hotmail.com,304-886-7013,"7587 Ingram Corner, North Billyhaven, WV 42458",2023-05-11,2005-01-26,2733.75
325,Connie,Gross,connie.gross@hotmail.com,+1-959-508-6355x165,"70448 Ross Via Apt. 711, Owenschester, TX 76238",2024-09-23,1958-12-24,8206.33
326,Karen,Stein,karen.stein@hotmail.com,+1-736-458-5908,"10005 Weaver Rest Apt. 892, South Brandon, NH 80288",2025-02-21,1987-08-01,2502.97
327,Emily,Torres,emily.torres@yahoo.com,+1-278-296-3809x509,"430 Santiago Garden, Oconnorville, NM 24642",2025-02-10,1980-11-26,5942.26
328,Scott,Wells,scott.wells@hotmail.com,581.934.2576x910,"29507 Oliver Plains, Lake Laura, OK 45477",2024-07-09,1987-04-08,3204.26
329,Elizabeth,Gates,elizabeth.gates@gmail.com,820.142.1338x765,"530 Jessica Forest, Pughburgh, CO 65344",2023-05-18,1994-11-13,850.27
330,Samantha,Rose,samantha.rose@yahoo.com,7014319360,"863 Lauren Forge, East Benjamin, NJ 36804",2023-07-31,1980-05-26,5788.34
331,Brian,Castro,brian.castro@hotmail.com,+1-469-935-4818x274,"14473 Romero Track Apt. 738, New Amy, HI 43959",2025-01-04,1964-02-12,8593.79
332,Jennifer,Lopez,jennifer.lopez@hotmail.com,(305)459-4858,"856 Long Squares, Shafferborough, MS 75568",2025-03-10,1966-03-30,6319.93
333,Mark,Turner,mark.turner@yahoo.com,+1-441-879-3198,"2831 Suarez Ferry Suite 030, New Mistychester, ME 14148",2023-10-16,1997-06-26,4140.68
334,Anne,Cruz,anne.cruz@gmail.com,654.394.0821,"37659 Taylor Well Suite 953, Powellshire, AR 28430",2024-04-29,1999-09-11,106.25
335,Laura,Curry,laura.curry@yahoo.com,(829)387-4479,"678 Smith Tunnel, Joanfurt, AL 07083",2024-07-18,1984-10-23,3749.82
336,Steve,Boyd,steve.boyd@hotmail.com,796.218.1342x35764,"7769 Michele Trail, New Brandonbury, NJ 29722",2024-06-07,1981-03-07,6161.91
337,Wayne,Villegas,wayne.villegas@yahoo.com,(986)928-7497,"648 Williams Fords, New Taraside, AL 46155",2024-11-03,1963-04-03,2507.26
338,John,Smith,john.smith@gmail.com,588.206.0457x02504,"3806 Rodriguez Light, Morenomouth, NY 48394",2024-10-19,1965-06-05,8933.76
339,Sean,Chavez,sean.chavez@hotmail.com,+1-493-005-5608x82469,"1851 Brandon Fort, East Danielshire, WV 14386",2023-12-25,1976-05-27,2419.12
340,Troy,Johnson,troy.johnson@hotmail.com,+1-433-396-3917,"974 Brian Glens, Allisonview, WY 30464",2024-10-19,1957-11-09,8346.01
341,Joyce,Smith,joyce.smith@hotmail.com,+1-839-547-3786x0086,"992 Tina Manors, Mannport, MT 99744",2023-12-07,2003-03-22,593.08
342,Jennifer,Jones,jennifer.jones@yahoo.com,+1-446-059-0604x32404,"29542 Claudia Causeway, Port Adam, NM 42184",2023-12-19,1969-05-28,673.23
343,Terri,Adams,terri.adams@yahoo.com,001-102-140-5371x69884,"2697 Miller Brook Suite 306, Cynthiashire, CA 19807",2023-08-26,1974-11-04,4126.2
344,Donna,Holmes,donna.holmes@hotmail.com,+1-484-029-7837x94925,"256 George Corners, Mistyhaven, CO 31435",2024-04-22,1995-06-23,2701.93
345,Brandi,Knapp,brandi.knapp@gmail.com,560-850-8152,"73077 Carroll Mission Apt. 973, Barajasfort, VA 85643",2024-02-05,1959-07-28,9924.36
346,Juan,Arroyo,juan.arroyo@hotmail.com,4853808247,"6357 Craig Villages, East Josephmouth, NY 01734",2023-12-25,1972-11-26,6696.68
347,Rebekah,Brooks,rebekah.brooks@yahoo.com,406-655-3278,"78619 Wagner Point Apt. 760, Lake Emilyview, LA 59285",2024-04-02,1962-08-22,2422.46
348,April,Evans,april.evans@hotmail.com,725-422-4223x4589,"72309 Heidi Inlet, Davisbury, VA 38539",2023-08-11,1983-11-16,3724.87
349,Christina,Myers,christina.myers@yahoo.com,907.742.5821x11437,"684 Laura Lake Suite 431, Willisside, CT 03068",2024-09-10,1976-02-03,5827.29
350,Carmen,Vaughn,carmen.vaughn@gmail.com,(168)632-2696x555,"6604 Blankenship Viaduct, Boothborough, MO 44324",2024-06-18,1999-01-31,3896.9
351,Sandra,Austin,sandra.austin@hotmail.com,001-874-448-6302x2062,"015 Collins Brook, Johnberg, HI 20050",2024-05-03,2001-09-13,7962.38
352,Cameron,Vazquez,cameron.vazquez@yahoo.com,084.826.6692x09919,"63139 Ramos Avenue, New Mary, HI 93270",2023-06-27,1976-11-01,5557.07
353,Lori,Ware,lori.ware@yahoo.com,911-447-2887,"132 Matthew Spur, Port Julie, MA 36950",2024-11-12,1983-02-05,7843.71
354,Neil,Johnson,neil.johnson@gmail.com,(814)279-0923x8612,"20027 Guzman Highway, Port Jacob, NC 95730",2024-12-11,1967-02-02,6708.93
355,Michael,Doyle,michael.doyle@hotmail.com,+1-546-491-0177,"5267 Terry Island Apt. 105, Harmonborough, PA 69966",2024-09-14,1981-09-17,2090.09
356,Joshua,Allen,joshua.allen@hotmail.com,361.112.4494,"4955 Troy Plains, West Justin, DE 12395",2024-03-24,2000-04-11,3245.77
357,Brad,Sanchez,brad.sanchez@hotmail.com,(692)743-0513,"PSC 9211, Box 2779, APO AP 80090",2023-10-10,1983-02-17,4776.65
358,Amanda,Rodriguez,amanda.rodriguez@gmail.com,(684)807-0440x9857,"03090 Rebecca Extensions Apt. 468, Port Sarahport, FL 25039",2023-07-07,1986-09-16,4042.15
359,Brian,Hernandez,brian.hernandez@yahoo.com,+1-568-476-6991x7585,"98982 Cameron Ford, Phillipsberg, MA 41048",2024-06-18,1994-08-13,1773.51
360,Michael,Powell,michael.powell@yahoo.com,905.184.6996x38581,"7047 Patton Shores, West Ann, KS 09018",2025-03-25,1961-04-01,4752.17
361,Darin,Hernandez,darin.hernandez@yahoo.com,001-333-335-9494x68532,"USS Schmidt, FPO AP 70330",2024-12-15,1978-10-03,7895.72
362,Chase,Bryant,chase.bryant@yahoo.com,+1-657-135-9600x1949,"2914 Brandon Shoal Suite 408, Lake Adriana, DC 81064",2024-12-28,1963-08-20,4883.77
363,Brian,Weaver,brian.weaver@hotmail.com,+1-488-489-2132x673,"Unit 1634 Box 9217, DPO AP 03172",2024-05-20,2000-10-06,2647.66
364,Christopher,Romero,christopher.romero@hotmail.com,890-513-9351x50066,"PSC 1648, Box 5082, APO AA 70611",2023-06-18,1970-08-17,1197.88
365,William,Evans,william.evans@hotmail.com,001-663-132-2616x632,"778 Nicholas Tunnel, East Briannaport, ID 82263",2023-08-17,1996-03-17,468.86
366,Kiara,Mendez,kiara.mendez@hotmail.com,9266263734,"5051 Ryan Divide Apt. 896, Robinstad, TX 41276",2024-05-20,1964-03-15,6881.94
367,Kimberly,West,kimberly.west@gmail.com,(784)994-0323x035,"90530 Beth Knoll Apt. 925, West Aaron, SD 54857",2024-12-09,1972-03-08,7222.47
368,Mike,Williams,mike.williams@yahoo.com,(728)847-6219x62949,"01947 Bethany Squares, Chavezmouth, DE 89378",2025-01-17,2000-08-19,9618.69
369,Gary,Le,gary.le@hotmail.com,245-995-7988x36526,"273 Doris Tunnel Suite 399, Bauerhaven, OK 39442",2024-01-04,1959-08-04,7731.11
370,Victoria,Perry,victoria.perry@gmail.com,(906)757-8798,"43453 Clark Springs, North Ryan, NC 53546",2023-12-20,1958-06-17,7409.11
371,Jeffrey,Santiago,jeffrey.santiago@yahoo.com,891.294.5856x38654,"165 Anderson Meadows Apt. 016, Terryberg, MO 47721",2023-06-27,2004-09-01,5880.3
372,Kelly,Vaughan,kelly.vaughan@gmail.com,9520592109,"PSC 6426, Box 5048, APO AP 01894",2024-09-19,1998-09-28,1711.07
373,Kathryn,Holland,kathryn.holland@hotmail.com,4202595577,"00977 Scott Shore Apt. 752, New Sharon, AZ 63268",2024-06-11,1956-02-17,7220.51
374,Joseph,Cross,joseph.cross@yahoo.com,001-963-875-4036x76651,"442 Schmidt Mission, Carterville, NE 81595",2024-02-01,1964-08-03,9788.36
375,John,Allen,john.allen@gmail.com,(411)824-1386x14066,"USS Madden, FPO AA 77827",2024-09-16,2006-06-23,8898.65
376,Karen,Jones,karen.jones@yahoo.com,+1-375-558-8424x7985,"701 Marks Lakes Suite 296, Lake Christina, NE 28192",2023-09-06,1994-07-25,9667.46
377,Barbara,Garcia,barbara.garcia@gmail.com,001-813-094-2612x9383,"11627 Martinez Heights Apt. 504, East Robert, WI 19883",2024-08-03,1963-02-23,7116.87
378,Nichole,Larson,nichole.larson@hotmail.com,001-507-025-7474x1373,"8229 Sandra Springs, East Michaelstad, IA 74318",2023-04-29,1974-12-12,6943.14
379,Shelley,Holt,shelley.holt@gmail.com,869-228-3670x17774,"7544 Jones Brooks Apt. 802, Port Tiffanyburgh, WA 56737",2025-01-01,1979-09-24,41.32
380,Pamela,Jackson,pamela.jackson@gmail.com,+1-955-636-6782x8323,"USS Malone, FPO AP 45743",2024-11-23,1973-06-17,4933.46
381,Megan,Mccoy,megan.mccoy@yahoo.com,(968)867-0741x0177,"USCGC Anderson, FPO AP 77990",2024-07-08,1980-05-19,4995.37
382,Ryan,Moran,ryan.moran@gmail.com,(889)073-8836,"8392 Rowe Isle, Scotttown, SC 90667",2024-04-13,1989-10-27,674.31
383,Judith,Leonard,judith.leonard@gmail.com,(721)298-7239,"1902 Hill Stravenue Apt. 688, New Katherinebury, NC 19692",2023-05-02,2005-07-29,1593.61
384,Robert,Wilson,robert.wilson@hotmail.com,+1-589-386-5280,"42309 Tyler Haven, South Christian, TN 66901",2023-06-25,1970-10-22,8112.27
385,Rodney,Davis,rodney.davis@hotmail.com,341-724-4637,"USNS Armstrong, FPO AE 44787",2024-09-04,1987-12-19,2572.69
386,Tonya,Lyons,tonya.lyons@hotmail.com,+1-911-887-8357x01261,"8938 Brandi Port, South Holly, IA 79310",2024-08-16,2003-11-24,8794.76
387,Mark,Carr,mark.carr@hotmail.com,001-429-448-8713x158,"15696 Lauren Fall, Wilsonside, MO 55068",2023-08-21,1956-07-20,5420.56
388,Tammy,Thompson,tammy.thompson@hotmail.com,628.722.0972x351,"98821 Kathy Drive Suite 874, Haynesmouth, ID 09471",2023-07-17,1985-05-27,3913.09
389,William,Sullivan,william.sullivan@yahoo.com,9102890807,"4217 Jessica Center, Guerraland, NM 38153",2023-05-07,1954-08-19,5995.95
390,Joe,Jackson,joe.jackson@gmail.com,001-638-861-9972x3256,"67126 John Estates, East Jordan, OK 48446",2023-04-18,1973-07-24,2098.29
391,Joshua,Andersen,joshua.andersen@gmail.com,(808)440-5817x6439,"61405 Sean Avenue, Kevinland, IA 49609",2025-02-03,1994-05-30,7525.07
392,Joanne,Jones,joanne.jones@gmail.com,183-163-5230x84754,"USS Hernandez, FPO AA 12412",2025-03-03,1959-07-04,7457.07
393,Jane,Hartman,jane.hartman@hotmail.com,+1-042-762-7368,"71973 Mary Shoal, Clarkfurt, CO 16214",2023-12-15,1978-06-10,1166.31
394,Gerald,Oneill,gerald.oneill@gmail.com,(570)575-2509,"47902 Davis Overpass Apt. 878, Weavermouth, LA 94708",2023-05-28,2002-11-13,3936.64
395,Joanne,Martin,joanne.martin@gmail.com,130-245-4640,"11822 Anderson Inlet Apt. 745, West Ryan, DE 78501",2025-02-22,1967-02-03,6177.17
396,Michael,Garrett,michael.garrett@hotmail.com,719.385.7036,"PSC 7567, Box 9776, APO AE 08361",2024-10-08,1993-09-17,7311.41
397,Thomas,Miller,thomas.miller@yahoo.com,(031)609-0348,"6283 Thompson Heights Apt. 602, East Teresa, PA 18848",2023-07-17,1962-11-20,7077.92
398,Angela,Watson,angela.watson@hotmail.com,001-378-381-8445x872,"1754 Steven Estates, Wyattshire, RI 04053",2023-08-13,2003-06-09,9504.72
399,Douglas,Lopez,douglas.lopez@yahoo.com,+1-582-958-5502x227,"433 Hodges Village Suite 532, Williamsstad, AR 02944",2023-05-10,1976-08-21,2886.66
400,Amy,Gonzalez,amy.gonzalez@hotmail.com,915.827.6984,"9861 Miller Trail Apt. 827, North Vicki, PA 92406",2023-08-19,2002-03-01,6744.58
401,James,Murphy,james.murphy@yahoo.com,+1-424-603-9744x17485,"4868 Adkins Squares, Matthewsside, IN 48670",2024-01-04,2005-04-19,9470.42
402,Amanda,Jones,amanda.jones@gmail.com,283-807-6324x697,"1543 Fernandez Crest Suite 936, Cherylberg, WY 66693",2024-03-01,1990-10-27,6828.06
403,Christina,Reed,christina.reed@hotmail.com,494.914.9223,"50451 Sarah Rapids Suite 174, Farrellview, IN 02843",2023-09-15,1992-06-16,936.19
404,Cynthia,Herring,cynthia.herring@hotmail.com,438.016.1668x8165,"2594 Alexis Trace Apt. 966, Kimton, MS 69347",2023-06-06,1961-04-03,7114.37
405,Teresa,Rodriguez,teresa.rodriguez@hotmail.com,001-502-954-9026,"8849 Alvarado Loaf Apt. 370, North Jacob, NY 38694",2023-06-13,1974-04-23,7341.37
406,Wendy,Moreno,wendy.moreno@hotmail.com,045.109.2605x0781,"1592 Samantha Wall, North Angelamouth, VT 26459",2024-06-14,1969-07-19,2091.12
407,Tina,Gay,tina.gay@yahoo.com,842-065-9163x608,"79836 Allen Springs Apt. 901, South Catherineberg, MA 44357",2024-12-21,1989-08-04,7541.1
408,Lisa,Nichols,lisa.nichols@gmail.com,(598)964-5802,"301 Collins Mountain, Joyceton, KY 82249",2024-11-20,1986-06-20,7462.75
409,Adam,Miles,adam.miles@hotmail.com,(624)615-5899x485,"84066 Smith Parks, Lake Rachelfort, IL 37965",2024-06-07,2006-12-25,9834.51
410,Allison,Mata,allison.mata@gmail.com,(041)754-5827x985,"85693 Ponce Pass, Justinton, MO 58819",2024-02-19,2006-11-10,4042.91
411,Steven,Peters,steven.peters@gmail.com,743.406.5642,"52083 Kimberly Station Apt. 134, Lake Kimberly, NC 27124",2023-11-25,1959-01-21,2178.05
412,Steven,Woods,steven.woods@hotmail.com,(515)809-0942,"5008 Kayla Light Suite 983, Keithbury, NJ 75814",2023-04-21,1978-09-04,9225.33
413,Christopher,Vincent,christopher.vincent@hotmail.com,+1-100-093-1417x870,"582 Zachary Plaza, South Thomasberg, OH 84894",2024-06-24,1968-11-26,6486.47
414,Jose,Miles,jose.miles@gmail.com,(248)942-8519x259,"84692 Joshua Ports Apt. 495, Pennyfort, OH 57154",2024-12-24,1996-10-04,1195.88
415,Andrew,Alexander,andrew.alexander@yahoo.com,001-952-293-4744,"4019 Hill Trail, Griffithshire, LA 09968",2023-11-19,1991-09-12,5555.81
416,Nicholas,Garcia,nicholas.garcia@gmail.com,(949)737-5782x02588,"8756 Sarah Summit Apt. 767, North Bradley, DC 24280",2025-01-04,1957-12-24,9790.18
417,Destiny,Barton,destiny.barton@yahoo.com,1342695013,"PSC 7072, Box 5777, APO AA 65823",2024-09-20,1958-05-03,7834.04
418,Joshua,Owens,joshua.owens@hotmail.com,(226)845-4793x7521,"PSC 8581, Box 8375, APO AA 91155",2023-05-06,1964-10-22,175.77
419,Ebony,Stevens,ebony.stevens@hotmail.com,617-993-2125x63504,"0777 Jessica Coves, Paulaborough, KY 67550",2023-09-23,1986-10-31,6507.03
420,Dylan,Thomas,dylan.thomas@gmail.com,187.734.1478,"2512 Welch Plaza Suite 549, Callahanstad, ME 92687",2025-01-01,1960-11-14,497.54
421,Angela,Hernandez,angela.hernandez@hotmail.com,(273)348-4404x257,"5359 Michelle Port Suite 941, New Nancy, WA 81213",2023-11-30,1968-09-25,3942.52
422,Debra,Rodriguez,debra.rodriguez@gmail.com,638.506.0327x507,"603 Cohen Roads, Davidborough, AR 05138",2023-07-10,1994-02-09,9274.3
423,Stephanie,Brown,stephanie.brown@hotmail.com,(966)699-8890x5979,"Unit 1988 Box 4681, DPO AE 76293",2024-07-23,2000-11-14,3898.53
424,Samantha,Armstrong,samantha.armstrong@yahoo.com,+1-535-241-6576x451,"653 Laura Light Apt. 529, Johnsonside, IL 17161",2024-05-01,1973-04-22,8484.34
425,Jason,Ramos,jason.ramos@yahoo.com,+1-005-690-8421x4064,"85309 Cody Point, Woodberg, UT 01225",2024-06-07,1957-07-10,9748.04
426,Jeff,Berry,jeff.berry@yahoo.com,+1-327-114-0758x896,"16681 Shaun Field, Mendozahaven, VT 83202",2024-07-02,1968-12-07,7271.65
427,Mark,Rivera,mark.rivera@hotmail.com,(140)754-9286x4884,"04846 Harrison Street Apt. 977, Thomasberg, AK 93030",2024-03-10,2007-02-16,8086.91
428,Lindsay,Tran,lindsay.tran@yahoo.com,+1-364-938-3428x4327,"5631 Henry Mall, East Kevinview, MN 98836",2023-12-24,2006-05-25,7127.43
429,Sarah,Nelson,sarah.nelson@gmail.com,001-280-237-6313x976,"222 Estes Rapid Apt. 515, Anthonyton, MN 84386",2024-10-29,1999-01-23,3756.42
430,Terrance,Randall,terrance.randall@yahoo.com,741.201.5297x307,"Unit 2405 Box 1451, DPO AP 61127",2023-08-06,1965-03-16,4897.67
431,Tyler,Phillips,tyler.phillips@hotmail.com,098.771.5766,"77959 Janice Passage, Justinstad, NE 70694",2025-04-02,1977-11-13,1219.06
432,David,Mcgee,david.mcgee@gmail.com,+1-718-433-7395,"69188 Bethany Fields, West Anthony, IL 20702",2024-03-23,1985-09-01,1147.32
433,Edward,Lane,edward.lane@hotmail.com,549.242.1228,"3502 Gentry Rapids, Nguyenville, CA 18646",2024-09-03,1993-03-24,2467.57
434,Maureen,Graham,maureen.graham@hotmail.com,565-997-7706x961,"9352 Henry Divide Suite 086, Rogersshire, DE 87853",2024-05-30,1999-06-20,7175.05
435,Jennifer,Johnson,jennifer.johnson@gmail.com,204-999-0134,"52460 Gibson Square, Jamesshire, IN 50672",2024-07-20,1964-12-10,6079.9
436,Brandy,Neal,brandy.neal@hotmail.com,+1-385-110-4786x14370,"999 Brooks Mission Suite 347, North Eric, SC 11917",2025-02-02,1959-07-17,713.49
437,Matthew,Maldonado,matthew.maldonado@yahoo.com,9225314767,"26955 Garcia Courts Apt. 989, New Carolyn, WY 60492",2024-03-16,1990-11-28,3828.11
438,Gary,Casey,gary.casey@hotmail.com,147.489.7174x1387,"3292 Alexander Cove, Cowanport, KY 77961",2023-06-21,1971-06-30,2089.66
439,Katie,Fisher,katie.fisher@gmail.com,001-786-185-6243x65010,"85854 Shannon Forges, North Cliffordshire, OH 94944",2023-08-03,1988-05-04,5865.45
440,Douglas,Tucker,douglas.tucker@gmail.com,394-106-6413x70121,"9251 Ross Creek Apt. 727, Dwaynechester, IA 88314",2025-02-09,1972-06-26,7118.09
441,Christina,Hanson,christina.hanson@hotmail.com,(144)330-9730,"67503 Robles Mount Suite 816, East Veronica, NE 14468",2024-09-08,1992-05-23,5489.76
442,Virginia,Anderson,virginia.anderson@gmail.com,(199)671-1264x3217,"7004 Sandra Path, Michelleshire, DE 36359",2024-06-13,1985-11-27,986.81
443,Lauren,Brown,lauren.brown@gmail.com,995-551-6533,"64560 Frazier Plains Suite 247, Lake Calvinmouth, MN 47313",2025-03-19,1984-12-02,7909.34
444,Justin,Valencia,justin.valencia@hotmail.com,828.573.0350,"166 Vega Summit Apt. 059, North Sierramouth, CO 78819",2025-01-20,1954-09-14,5218.59
445,Michelle,Barber,michelle.barber@hotmail.com,639.264.6503x7302,"55762 Matthew Rest, Maryburgh, AR 07269",2024-06-23,1965-11-25,5493.01
446,Phillip,Kelley,phillip.kelley@gmail.com,551.245.4394x720,"93991 Tammy Ville Suite 562, North Jeffrey, SC 58495",2023-11-24,1991-12-22,8473.83
447,Thomas,Garcia,thomas.garcia@yahoo.com,439-688-3595x667,"8993 Marie Neck Suite 570, Vaughnmouth, SC 77212",2024-08-24,1997-09-26,7681.1
448,Stephanie,Shaw,stephanie.shaw@yahoo.com,928.182.2557,"32866 Palmer River, Mooreberg, TX 70719",2024-03-24,1954-08-28,3686.17
449,Gwendolyn,Riley,gwendolyn.riley@gmail.com,(218)336-3158x57625,"Unit 8783 Box 7887, DPO AE 33357",2023-05-09,1983-12-14,9384.26
450,Kimberly,Burns,kimberly.burns@yahoo.com,+1-886-223-1093x68199,"4129 Moore Shores Apt. 988, Karenhaven, KS 69717",2023-10-01,1969-11-10,767.99
451,Jessica,Williams,jessica.williams@yahoo.com,472-808-7082x91720,"7933 Johnson Bypass Apt. 342, Washingtonshire, PA 19474",2025-04-06,2004-10-07,9304.14
452,Kevin,Wallace,kevin.wallace@yahoo.com,598.056.7074,"01542 Jerry Causeway, West Stephanieton, SD 84172",2023-05-25,1975-03-27,3155.12
453,Sandra,Strickland,sandra.strickland@yahoo.com,+1-245-468-1134x4128,"USNV Palmer, FPO AA 13448",2025-02-11,1977-07-17,4020.24
454,Kelly,Carter,kelly.carter@yahoo.com,453-608-7925x3991,"69436 Mitchell Mountain, Smithbury, TN 61067",2024-08-16,1978-05-24,3901.23
455,Paula,Silva,paula.silva@gmail.com,001-822-022-4036,"71717 Morris Walk Apt. 953, Port Mason, MN 87326",2025-03-15,1971-10-24,9941.08
456,Tyler,Johns,tyler.johns@hotmail.com,206-697-9351,"45547 Mccullough Springs Suite 973, Sueville, MN 09507",2023-09-10,1983-08-14,1073.22
457,Allen,Gomez,allen.gomez@yahoo.com,384-175-9235x026,"10297 Leslie Point Apt. 867, West Katelyn, VA 08070",2025-01-27,1961-02-18,8442.59
458,Robert,Mccormick,robert.mccormick@gmail.com,001-297-560-9099x766,"2500 Dixon Landing Suite 118, Randolphburgh, NC 73904",2023-11-02,1970-02-23,8277.01
459,Sylvia,Aguilar,sylvia.aguilar@gmail.com,(775)523-4573,"498 Sharp Land, Choitown, IN 41965",2025-02-09,1972-03-01,8288.58
460,Monique,Smith,monique.smith@yahoo.com,(859)931-9929,"7900 Pennington Coves Apt. 155, East Todd, VA 10270",2023-05-25,1991-03-18,3365.66
461,Connor,Gonzalez,connor.gonzalez@yahoo.com,001-433-761-6887x18825,"3169 Melissa Mission Suite 614, West Alyssaview, OR 12071",2023-10-09,1989-06-07,9934.99
462,Paige,Johns,paige.johns@gmail.com,(144)662-6698,"7411 Rebecca Streets Suite 819, Jesseburgh, AK 75984",2025-03-17,1976-11-06,9785.04
463,Nancy,Martinez,nancy.martinez@yahoo.com,110.117.9612x9787,"384 Douglas Extension, New Sara, OR 44665",2024-07-05,1990-04-06,9929.35
464,Cindy,Moreno,cindy.moreno@hotmail.com,244-329-2805x5630,"7394 Annette Villages, Lake Kelly, TN 82978",2023-09-26,1978-02-25,7998.04
465,Nicole,Johnson,nicole.johnson@gmail.com,0144709119,"74215 Clarence Drives Suite 897, Lake Elizabethstad, ID 81228",2024-04-02,1995-02-23,5438.61
466,Billy,Elliott,billy.elliott@gmail.com,+1-184-609-6852x3737,"45671 Mata Meadows, Richardsonshire, OH 73306",2024-02-06,1987-11-24,1491.06
467,Eric,Jones,eric.jones@yahoo.com,548.432.2332,"72002 Lamb Spur, Lake Kyletown, WV 89013",2025-02-21,2003-03-29,8105.34
468,Sarah,Tanner,sarah.tanner@yahoo.com,103.412.0490x217,"4529 Harrell Fork Suite 529, New Kelliport, MT 09686",2024-03-13,1969-05-15,6190.22
469,Ashley,Flowers,ashley.flowers@gmail.com,001-472-993-1547x601,"7604 Price Ville, Deleonshire, ME 26732",2023-10-04,1995-06-05,891.97
470,Stacey,Sullivan,stacey.sullivan@hotmail.com,(709)993-6902x451,"5573 Bethany Port Apt. 069, South Andrea, OH 46371",2024-03-01,1973-03-24,1632.12
471,Allen,Jackson,allen.jackson@yahoo.com,029-218-3831x04463,"USS Bauer, FPO AA 54811",2024-02-08,2001-07-20,7121.06
472,Caitlin,Jimenez,caitlin.jimenez@hotmail.com,269-751-0960,"859 Fernandez Locks, West Toni, MS 97660",2025-04-12,1980-07-05,6858.06
473,Ebony,Shelton,ebony.shelton@yahoo.com,775-795-3158x941,"118 Kelsey Plaza Suite 485, Robbinsmouth, NC 43938",2024-09-29,1957-08-26,9979.94
474,Matthew,Lane,matthew.lane@yahoo.com,7696651275,"2650 Jeffery Mount, Oliviaport, TN 11609",2024-04-15,1982-03-31,346.99
475,Scott,Harris,scott.harris@yahoo.com,(124)401-9079x15387,"PSC 9696, Box 3312, APO AP 46642",2025-04-14,2003-09-14,5211.08
476,Kenneth,Herring,kenneth.herring@hotmail.com,9608765059,"624 Jeremy Unions Apt. 709, South Sonyaport, MT 51979",2025-01-29,1989-03-28,1143.2
477,Daniel,Pierce,daniel.pierce@gmail.com,(245)445-3261,"PSC 6123, Box 3205, APO AP 16298",2024-04-28,1990-01-05,1960.94
478,Rodney,Dean,rodney.dean@yahoo.com,215.726.8519,"43918 Chaney Parkway Apt. 399, East Jesus, TN 20863",2023-05-02,1994-03-11,5668.97
479,Maria,Gross,maria.gross@yahoo.com,4620436970,"829 Jeremy Ferry Apt. 052, Randybury, OK 42390",2024-09-17,1991-04-10,5475.71
480,Matthew,Hart,matthew.hart@gmail.com,0322009223,"08729 Jason Cliffs Apt. 784, Lake Ericaland, AL 56309",2024-04-14,1998-12-19,1005.77
481,Abigail,Estes,abigail.estes@gmail.com,148.825.5072x1914,"93013 Miranda Route Apt. 491, Smithton, KY 44352",2023-07-06,1985-11-21,4771.35
482,Sarah,Hutchinson,sarah.hutchinson@hotmail.com,935-733-1611x56357,"17496 Yolanda Trail, West Marciaburgh, MS 80826",2023-06-08,1977-04-08,6850.25
483,Adriana,Gordon,adriana.gordon@gmail.com,+1-140-213-3477x5295,"053 Douglas Road Apt. 465, Donaldbury, KY 30869",2024-10-09,1980-10-18,4176.97
484,Charles,Flores,charles.flores@gmail.com,(287)448-4411,"68013 Wilson Corners Apt. 676, East Doris, NM 52463",2024-12-27,1998-07-14,7888.61
485,Jennifer,Norman,jennifer.norman@gmail.com,750.820.2091,"0441 Larry Land, Veleztown, MA 78482",2024-07-11,1997-08-03,9452.75
486,William,Brady,william.brady@gmail.com,8707964782,"6685 Patrick Fort Suite 390, Port Michael, TN 46936",2023-06-14,1966-05-16,9691.29
487,Melanie,Norris,melanie.norris@gmail.com,880.585.0725,"7943 Griffith Centers, Kimberg, CT 48305",2025-04-08,1971-10-20,6227.51
488,Carlos,May,carlos.may@gmail.com,+1-412-632-3532x5270,"076 Dylan Ferry, Morrisonview, LA 02075",2024-12-27,1968-01-18,5838.79
489,Michael,Carter,michael.carter@hotmail.com,+1-382-646-5923,"90377 David Stream Suite 323, Wesleyburgh, MN 16211",2023-05-17,1964-09-26,6506.01
490,Anna,Garcia,anna.garcia@yahoo.com,(812)924-2806,"05778 Campbell Ways, New Cody, RI 51611",2023-12-18,1978-08-19,3586.45
491,Cynthia,Ryan,cynthia.ryan@hotmail.com,689-252-5281,"55853 Michael Drives, Danielport, OR 52323",2023-09-07,1966-05-20,4389.68
492,Stephanie,Alvarez,stephanie.alvarez@yahoo.com,+1-947-601-5445x373,"4948 Bowers Ridges, North Gregory, MI 37962",2023-05-07,1990-11-01,411.77
493,Marilyn,Clarke,marilyn.clarke@yahoo.com,604.531.8111x8424,"Unit 1829 Box 4082, DPO AA 34732",2024-12-07,2006-03-26,9940.83
494,Traci,Moore,traci.moore@hotmail.com,(734)331-5509x48757,"525 Jennifer Flats Suite 827, Port Jesus, NM 88864",2024-12-15,1979-09-16,6797.74
495,Rebecca,Peterson,rebecca.peterson@hotmail.com,(536)030-4900x170,"7680 Harris Radial Suite 709, Port Nathanfurt, AL 21802",2024-03-22,1956-08-03,932.23
496,Patricia,Frost,patricia.frost@hotmail.com,913-265-7947x329,"USS Hernandez, FPO AE 14526",2023-04-21,2006-04-09,2314.97
497,David,Bond,david.bond@gmail.com,612-189-8148,"622 Anthony Path Suite 164, North Petermouth, NJ 79192",2023-05-27,1980-09-10,390.83
498,Ashley,Dominguez,ashley.dominguez@hotmail.com,3476424364,"078 Morgan Place, West Susan, TN 44056",2023-12-24,1955-03-08,9759.21
499,Janet,Haas,janet.haas@gmail.com,(686)591-7651,"6894 Michelle Trail, Michaelmouth, AL 68447",2023-12-18,1983-01-31,1849.57
500,Jill,Mclaughlin,jill.mclaughlin@gmail.com,8117516826,"951 Russell Curve Suite 008, Perezhaven, UT 36689",2024-07-08,1982-03-25,686.63
